"Folder Name","Folder Path","File name","Download Link","File Size","Created At"
"ws png","My Drive > ws png","timou.png","https://drive.google.com/uc?id=1CpTUXVQ6Nl1AxoPmmDRW_EEW2Kbjrt-X&export=download","56.38 KB","July 4, 2023 at 9:08:49 PM"
"ws png","My Drive > ws png","ws stims.png","https://drive.google.com/uc?id=1t0PLE0OXGo4eSThJRg_hodxIWGNSOaat&export=download","50.71 KB","July 4, 2023 at 9:08:51 PM"
"ws png","My Drive > ws png","time-out-image.webp","https://drive.google.com/uc?id=1R8RAxMHYo3BULe2XwFqwg6FrnkqsoLRg&export=download","26.46 KB","July 4, 2023 at 9:08:49 PM"
"ws png","My Drive > ws png","nr1.PNG","https://drive.google.com/uc?id=15FBzbLNEiUlsQKOWfXLV7aVqgHiXfvTG&export=download","35.06 KB","July 4, 2023 at 9:08:41 PM"
"ws png","My Drive > ws png","nr0.PNG","https://drive.google.com/uc?id=1w5oPQ-CbwqBuTdhbyVpcashUAIt2WDEU&export=download","40.67 KB","July 4, 2023 at 9:08:38 PM"
"ws png","My Drive > ws png","inr1.PNG","https://drive.google.com/uc?id=1U0tfOdTkiqLUB_WXsGL9CYmVpziaUYMa&export=download","59.71 KB","July 4, 2023 at 9:08:38 PM"
"ws png","My Drive > ws png","inr0.PNG","https://drive.google.com/uc?id=1EFPpCQIipAwpZToFM2URExOmrkn--8zS&export=download","51.73 KB","July 4, 2023 at 9:08:38 PM"
"ws png","My Drive > ws png","n1.PNG","https://drive.google.com/uc?id=1dd5F3Ky6UkQ9P3jyiKD_BRzhHJlxVsur&export=download","41.77 KB","July 4, 2023 at 9:08:38 PM"
"ws png","My Drive > ws png","in0.PNG","https://drive.google.com/uc?id=1K7KD9dcT1ABnY7k-GO4d4AIIvZRqt8kn&export=download","87.28 KB","July 4, 2023 at 9:08:35 PM"
"ws png","My Drive > ws png","i1.PNG","https://drive.google.com/uc?id=1lZGN2VqfixBqx3gSWE--KhirGTmmnByM&export=download","86.53 KB","July 4, 2023 at 9:08:35 PM"
"ws png","My Drive > ws png","in1.PNG","https://drive.google.com/uc?id=1pxLiZjMJkgiKKFuNNo2pD7g9ru-zgCu8&export=download","87.37 KB","July 4, 2023 at 9:08:35 PM"
"ws png","My Drive > ws png","n0.PNG","https://drive.google.com/uc?id=1-WDVjaYZWSdRUA5ExaoeejzSbSa6idm0&export=download","41.71 KB","July 4, 2023 at 9:08:38 PM"
"ws png","My Drive > ws png","i0.PNG","https://drive.google.com/uc?id=1lBFq5LbfXwhAc1C6vO4EZBw-1tER0XkB&export=download","41.2 KB","July 4, 2023 at 9:08:35 PM"
"ws png","My Drive > ws png","ws5.png","https://drive.google.com/uc?id=1rzT-q1waRe6kTfD7sD8aQJTb-zMVl7E9&export=download","41.64 KB","July 4, 2023 at 9:08:51 PM"
"ws png","My Drive > ws png","ws4.png","https://drive.google.com/uc?id=1qOCnndUKf9zjYj0gwxnH_taGWAlOlr1J&export=download","37.73 KB","July 4, 2023 at 9:08:51 PM"
"ws png","My Drive > ws png","Picture3.png","https://drive.google.com/uc?id=12P8_k_8KXpdjADKVjaBzlIllfqIH_4E2&export=download","20.65 KB","July 4, 2023 at 9:08:43 PM"
"ws png","My Drive > ws png","Picture2.png","https://drive.google.com/uc?id=104Yixm96Pi05Qv0Cwn4AP0mrX__Yw77b&export=download","258.4 KB","July 4, 2023 at 9:08:43 PM"
"ws png","My Drive > ws png","Picture1.png","https://drive.google.com/uc?id=1AciWnhkmYohdkC_exXHo5XOKPFy7avXm&export=download","257.45 KB","July 4, 2023 at 9:08:43 PM"
"ws png","My Drive > ws png","grey.png","https://drive.google.com/uc?id=1CoWAbNKJt91p5CS7B2JYTeL3DA86lodz&export=download","3.87 KB","July 4, 2023 at 9:08:34 PM"
"ws png","My Drive > ws png","red.png","https://drive.google.com/uc?id=1komKsCUnrcsuFiZlYrCkDLCDR09vHsKJ&export=download","5.11 KB","July 4, 2023 at 9:08:43 PM"
"ws png","My Drive > ws png","wr0.PNG","https://drive.google.com/uc?id=15aD4OqJOEz1bLZ80ALz1KqYUX2slj0Kc&export=download","34.69 KB","July 4, 2023 at 9:08:51 PM"
"ws png","My Drive > ws png","shr0.PNG","https://drive.google.com/uc?id=1SElFDA90DaaHYUd98NKILO4bABuJW-w0&export=download","59.35 KB","July 4, 2023 at 9:08:43 PM"
"ws png","My Drive > ws png","shr1.PNG","https://drive.google.com/uc?id=14xYieZ_BFVA_ZvxWdVPlk_a17OOP5BMN&export=download","41.15 KB","July 4, 2023 at 9:08:48 PM"
"ws png","My Drive > ws png","wr1.PNG","https://drive.google.com/uc?id=1a-zu3HWEKqjVArq2s2V205HJCd6Qk_8i&export=download","52.22 KB","July 4, 2023 at 9:08:51 PM"
"ws png","My Drive > ws png","sh0.PNG","https://drive.google.com/uc?id=1y9UCHOWfriEKUEGWgt48MZLVSilrdo3t&export=download","52.05 KB","July 4, 2023 at 9:08:43 PM"
"ws png","My Drive > ws png","s1.PNG","https://drive.google.com/uc?id=1L6URoqAJFu0F1Ok895rTYcUsRn9R8CEL&export=download","50.8 KB","July 4, 2023 at 9:08:43 PM"
"ws png","My Drive > ws png","sh1.PNG","https://drive.google.com/uc?id=14JnX0HRFcgKUsRGIxWjPOixmhJay1z-S&export=download","51.92 KB","July 4, 2023 at 9:08:43 PM"
"ws png","My Drive > ws png","w0.PNG","https://drive.google.com/uc?id=1TimnTSJHO65TSKDpEx2fMaBAr3rQfgSV&export=download","51.91 KB","July 4, 2023 at 9:08:49 PM"
"ws png","My Drive > ws png","s0.PNG","https://drive.google.com/uc?id=1OvaRqYQQjJpcPlbIFMWyQx6qI-6ZjgHx&export=download","50.87 KB","July 4, 2023 at 9:08:43 PM"
"ws png","My Drive > ws png","w1.PNG","https://drive.google.com/uc?id=1s9RIW1dI1WTqVGK7b59A7KPIGEo3Y9Wn&export=download","51.92 KB","July 4, 2023 at 9:08:51 PM"